ELETTROTECNICA,9788820378479,CONTE GAETANO,CORSO DI ELETTROTECNICA ED ELETTRONICA. NUOVA EDIZIONE OPENSCHOOL PER L'ARTICOLAZIONE ELETTROTECNICA DEGLI ISTITUTI TECNICI SETTORE TECNOLOGIC,3,HOEPLI,24,90,No,Si,No
INGLESE,9788858317907,MEDAGLIA CINZIA YOUNG BEVERLEY ANNE,CORNERSTONE+CDROM,,LOESCHER EDITORE,28,50,No,Si,No
INGLESE,9788883391118,O'MALLEY,ENGLISH FOR NEW TECHNOLOGY + ACTIVE BOOK,,PEARSON LONGMAN,24,20,No,No,No
INGLESE,9788883392023,GALLAGHER GALUZZI,GRAMMAR AND VOCABULARY MULTITRAINER ED.INTERATTIVA,,PEARSON LONGMAN,29,20,No,No,No
ITALIANO LETTERATURA,9788842435266,DI SACCO PAOLO,BASI DELLA LETTERATURA PLUS 3,3,B.MONDADORI,44,00,No,Si,No
MATEMATICA,9788808236104,BERGAMINI MASSIMO TRIFONE ANNA BAROZZI GRAZIELLA,MATEMATICA.VERDE 5 CON MATHS IN ENGLISH (LD),3,ZANICHELLI,32,30,No,Si,No
RELIGIONE,9788839301611,FAMA' ANTONELLO,UOMINI E PROFETI - TRIENNIO VOLUME UNICO TRIENNIO,,MARIETTI SCUOLA,22,25,No,No,No
SCIENZE MOTORIE E SPORTIVE,9788839302809,FIORINI GIANLUIGI CORETTI STEFANO BOCCHI SILVIA,PIÃ™ MOVIMENTO VOLUME UNICO + EBOOK,,MARIETTI SCUOLA,20,55,No,No,No
SISTEMI,9788820378448,CERRI FABRIZIO ORTOLANI GIULIANO VENTURI EZIO,CORSO DI SISTEMI AUTOMATICI. NUOVA EDIZIONE OPENSCHOOL PER L'ARTICOLAZIONE AUTOMAZIONE DEGLI ISTITUTI TECNICI SETTORE TECNOLOGICO,3,HOEPLI,28,90,No,Si,No
STORIA,9788883326431,BERTINI F.,ALLA RICERCA DEL PRESENTE VOL 3 DAL NOVECENTO A OGGI,3,MURSIA SCUOLA,31,80,No,Si,No
TECNOLOGIE E PROGETTAZIONE DI SISTEMI ELETT,9788820378509,AA VV,TECNOLOGIE E PROGETTAZIONE DI SISTEMI ELETTRICI ED ELETTRONICI. NUOVA EDIZIO PER L'ARTICOLAZIONE ELETTROTECNICA DEGLI ISTITUTI TECNICI SETTORE TECNOLOGIC,3,HOEPLI,25,90,No,Si,No
CHIMICA ANALITICA E STRUMENTALE,9788808063717,COZZI RENATO PROTTI PIERPAOLO RUARO TARCISIO,ELEMENTI DI ANALISI CHIMICA STRUMENTALE SECONDA EDIZIONE TECNICHE DI ANALISI + EB SB CON ESTENSIONE DIGITALE CHIMICA
E MATERIALI,,ZANICHELLI,47,00,No,No,No
CHIMICA ORGANICA E
BIOCHIMICA,9788808135896,BOSCHI MARIA PIA RIZZONI PIETRO,BIOCHIMICAMENTE MULTIMEDIALE (LDM) MICRORGANISMI, BIOTECNOLOGIE E FERMENTAZIONI,,ZANICHELLI,21,30,No,Si,No
INGLESE,9788844120788,BRIANO PAOLA,A MATTER OF LIFE 3.0 ENGLISH FOR CHEMISTRY, BIOLOGY AND BIOTECHNOLOGY,,EDISCO,24,80,Si,Si,No
INGLESE,9788858317907,MEDAGLIA CINZIA YOUNG BEVERLEY ANNE,CORNERSTONE+CDROM,,LOESCHER EDITORE,28,50,No,Si,No
INGLESE,9788883392023,GALLAGHER GALUZZI,GRAMMAR AND VOCABULARY MULTITRAINER ED.INTERATTIVA,,PEARSON LONGMAN,29,20,No,No,No
ITALIANO LETTERATURA,9788842435266,DI SACCO PAOLO,BASI DELLA LETTERATURA PLUS 3,3,B.MONDADORI,44,00,No,Si,No
MATEMATICA,9788808236104,BERGAMINI MASSIMO TRIFONE ANNA BAROZZI GRAZIELLA,MATEMATICA.VERDE 5 CON MATHS IN ENGLISH (LD),3,ZANICHELLI,32,30,No,Si,No
RELIGIONE,9788839301611,FAMA' ANTONELLO,UOMINI E PROFETI - TRIENNIO VOLUME UNICO TRIENNIO,,MARIETTI SCUOLA,22,25,No,No,No
SCIENZE MOTORIE E
SPORTIVE,9788839302809,FIORINI GIANLUIGI CORETTI STEFANO BOCCHI SILVIA,PIÃ™ MOVIMENTO VOLUME UNICO + EBOOK,,MARIETTI SCUOLA,20,55,No,No,No
STORIA,9788883326431,BERTINI F.,ALLA RICERCA DEL PRESENTE VOL 3 DAL NOVECENTO A OGGI,3,MURSIA SCUOLA,31,80,No,Si,No
TECNOLOGIE CHIMICHE,9788844118808,NATOLI SILVESTRO CALATOZZOLO MARIANO,TECNOLOGIE CHIMICHE IND. 3 VOL. 3, SECONDA EDIZIONE,3,EDISCO,38,50,No,Si,No
GESTIONE PROGETTO, ORGANIZZAZIONE D'IMPRESA,9788826818412,LORENZI AGOSTINO COLLEONI ANDREA,GESTIONE PROGETTO E ORGANIZZAZIONE D'IMPRESA,,ATLAS,18,20,No,Si,No
INFORMATICA,9788829836826,GALLO SALERNO,CLOUD INFORMATICA VOLUME PER IL 5Â° ANNO
- INDIRIZZO INFORMATICA E TELECOMUNICAZIONI ARTICOLAZ,,MINERVA ITALICA,23,70,No,Si,No
INGLESE,9788858317907,MEDAGLIA CINZIA YOUNG BEVERLEY ANNE,CORNERSTONE+CDROM,,LOESCHER EDITORE,28,50,No,Si,No
INGLESE,9788883391118,O'MALLEY,ENGLISH FOR NEW TECHNOLOGY + ACTIVE
BOOK,,PEARSON LONGMAN,24,20,No,No,No
INGLESE,9788883392023,GALLAGHER GALUZZI,GRAMMAR AND VOCABULARY MULTITRAINER
ED.INTERATTIVA,,PEARSON LONGMAN,29,20,No,No,No
ITALIANO LETTERATURA,9788842435266,DI SACCO PAOLO,BASI DELLA LETTERATURA PLUS 3,3,B.MONDADORI,44,00,No,Si,No
MATEMATICA,9788808236104,BERGAMINI MASSIMO TRIFONE ANNA
BAROZZI GRAZIELLA,MATEMATICA.VERDE 5 CON MATHS IN ENGLISH (LD),3,ZANICHELLI,32,30,No,Si,No
RELIGIONE,9788839301611,FAMA' ANTONELLO,UOMINI E PROFETI - TRIENNIO VOLUME UNICO
TRIENNIO,,MARIETTI
SCUOLA,22,25,No,No,No
SCIENZE MOTORIE E SPORTIVE,9788839302809,FIORINI GIANLUIGI CORETTI STEFANO
BOCCHI SILVIA,PIÃ™ MOVIMENTO VOLUME UNICO + EBOOK,,MARIETTI SCUOLA,20,55,No,No,No
SISTEMI E RETI,9788820378622,LO RUSSO LUIGI BIANCHI ELENA,SISTEMI E RETI. NUOVA EDIZIONE OPENSCHOOL PER L'ARTICOLAZIONE
INFORMATICA DEGLI ISTITUTI TECNICI SETTORE,3,HOEPLI,21,90,No,Si,No
STORIA,9788883326431,BERTINI F.,ALLA RICERCA DEL PRESENTE VOL 3 DAL
NOVECENTO A OGGI,3,MURSIA SCUOLA,31,80,No,Si,No
TECNOLOGIE E PROGETTAZIONE DI SISTEMI INFOR,9788820378424,CAMAGNI PAOLO NIKOLASSY RICCARDO,TECNOLOGIE E PROGETTAZIONE DI SISTEMI INFORMATICI E DI TELECOMUNICAZIONI. NU PER L'ARTICOLAZIONE INFORMATICA DEGLI ISTITUTI TECNICI SETTORE TECNOLOGICO,3,HOEPLI,23,90,No,Si,No
DISEGNO,9788839529954,CALLIGARIS STEFANO FAVA LUIGI TOMMASELLO CARLO,NUOVO DAL PROGETTO AL PRODOTTO 3,3,PARAVIA,42,10,No,Si,No
INGLESE,9788858317907,MEDAGLIA CINZIA YOUNG BEVERLEY ANNE,CORNERSTONE+CDROM,,LOESCHER EDITORE,28,50,No,Si,No
INGLESE,9788883392023,GALLAGHER GALUZZI,GRAMMAR AND VOCABULARY MULTITRAINER ED.INTERATTIVA,,PEARSON LONGMAN,29,20,No,No,No
INGLESE,9788853620774,RIZZO ROSA ANNA,SMARTMECH + PROVE D'ESAME + FLIP BOOK,,ELI,23,90,No,No,No
ITALIANO LETTERATURA,9788842435266,DI SACCO PAOLO,BASI DELLA LETTERATURA PLUS 3,3,B.MONDADORI,44,00,No,Si,No
MATEMATICA,9788808236104,BERGAMINI MASSIMO TRIFONE ANNA BAROZZI GRAZIELLA,MATEMATICA.VERDE 5 CON MATHS IN ENGLISH (LD),3,ZANICHELLI,32,30,No,Si,No
MECCANICA,9788820349653,ANZALONE GIUSEPPE BASSIGNANA PAOLO BRAFA
MUSICORO GIUSEPPE,MECCANICA, MACCHINE ED ENERGIA - EDIZIONE BLU ARTICOLAZIONE MECCANICA E MECCATRONICA,3,HOEPLI,30,50,No,Si,No
RELIGIONE,9788839301611,FAMA' ANTONELLO,UOMINI E PROFETI - TRIENNIO VOLUME UNICO TRIENNIO,,MARIETTI SCUOLA,22,25,No,No,No
SCIENZE MOTORIE E
SPORTIVE,9788839302809,FIORINI GIANLUIGI CORETTI STEFANO BOCCHI SILVIA,PIÃ™ MOVIMENTO VOLUME UNICO + EBOOK,,MARIETTI SCUOLA,20,55,No,No,No
SISTEMI E AUTOMAZIONE,9788820377199,FANFONI MARCO,GUIDA AL PLC SIEMENS S7-1200 PERCORSI DIDATTICI E LABORATORIO,,HOEPLI,17,90,Si,Si,No
SISTEMI E AUTOMAZIONE,9788820383268,BERGAMINI GUIDO NASUTI PIER GIORGIO,SISTEMI E AUTOMAZIONE NUOVA EDIZIONE OPENSCHOOL PER L'INDIRIZZO MECCANICA, MECCATRONICA ED ENERGIA DEGLI
ISTITUTI TECNICI T,3,HOEPLI,25,90,Si,Si,No
STORIA,9788883326431,BERTINI F.,ALLA RICERCA DEL PRESENTE VOL 3 DAL NOVECENTO A OGGI,3,MURSIA
SCUOLA,31,80,No,Si,No
TECNOLOGIA
MECCANICA,9788852805370,PANDOLFO ALBERTO DEGLI
ESPOSTI GIANCARLO,TECNOLOGIE MECCANICHE DI PROCESSO E DI PRODOTTO SET 3 -
EDIZIONE MISTA VOLUME 3 + ESPANSIONE ONLINE,3,CALDERINI,22,10,No,Si,No
MECCANICA,9788820366452,AA VV,MANUALE DI MECCANICA,,HOEPLI,71,90,No,No,Si
TECNOLOGIE MECCANICHE DI PROCESSO E PRODOTTO,9781519556196,RAUSA LORENZO,CNC - CORSO DI PROGRAMMAZIONE IN 50 ORE CNC WEBSCHOOOL.COM,,HOEPLI,35,00,No,No,Si
DIRITTO ED ECONOMIA,9788823349179,AIME CARLO PASTORINO MARIA GRAZIA,101 LEZIONI DI DIRITTO ED ECONOMIA PLUS - LIBRO MISTO CON OPENBOOK VOLUME + EXTRAKIT + OPENBOOK,,TRAMONTANA,21,60,No,Si,No
GEOGRAFIA GENERALE ED ECONOMICA,9788808820662,IARRERA FRANCESCO PILOTTI GIORGIO,GEOGRAFIA. UOMINI E SPAZI GLOBALI 2ED. - VOLUME UNICO (LD),,ZANICHELLI,13,60,Si,Si,No
INGLESE,9788899279042,PERIN GRAZIELLA PORCELLI GIANFRANCO COHEN MANUELA,GET READY 1,1,LIBERTY,8,90,Si,Si,No
INGLESE,9788883392351,AA VV,SPEED UP YOUR MIND 1 - EDIZIONE MYLAB,1,PEARSON LONGMAN,28,50,No,Si,No
ITALIANO ANTOLOGIE,9788839521972,BIGLIA PAOLA MANFREDI PAOLA TERRILE ALESSANDRA,PIU' BELLO DEI MARI A - CON CORSO DI SCRITTURA VOLUME A + CORSO DI SCRITTURA + ITE + DIDASTORE,1,PARAVIA,23,30,No,Si,No
ITALIANO GRAMMATICA,9788808157775,ARCIELLO ADELE MAIORANO ANTONIO,ITALIANO CHE SERVE (L') - MULTIMEDIALE (LDM) CONFEZIONE GRAMMATICA E LESSICO + COMUNICAZIONE E TESTO,,ZANICHELLI,25,80,No,Si,No
MATEMATICA,9788808675897,BERGAMINI MASSIMO BAROZZI
GRAZIELLA,MATEMATICA.VERDE 2ED. - VOLUME 1 (LD),1,ZANICHELLI,28,20,No,Si,No
TECNOLOGIE E TECNICHE DI RAPPRESENTAZIONE
GRAFICA,9788808220899,SAMMARONE SERGIO,RAPPRESENTAZIONE E TECNOLOGIA INDUSTRIALE.VERDE 2ED. - VOLUME UNICO (LDM),,ZANICHELLI,26,70,No,Si,No
RELIGIONE,9788835047537,MANGANOTTI INCAMPO,NUOVO TIBERIADE + GRANDI RELIGIONI KIT (IL) CORSO DI
RELIGIONE CATTOLICA PER LA SCUOLA SEC.DI SECONDO GRADO,,LA SCUOLA
EDITRICE,16,10,No,Si,No
SCIENZE DELLA TERRA,9788823105317,PORZIO ELENA PORZIO ORNELLA,SCIENZE DELLA TERRA CON OPENBOOK VOLUME + OPENBOOK,,MARKES,20,70,No,Si,No
SCIENZE INTEGRATE (CHIMICA),9788808269409,VALITUTTI GIUSEPPE FALASCA
MARCO,CHIMICA: MOLECOLE IN MOVIMENTO - VOLUME UNICO (LDM)
SECONDA EDIZIONE DI ESPLORIAMO LA CHIMICA.VERDE,,ZANICHELLI,34,10,No,Si,No
SCIENZE INTEGRATE (FISICA),9788808337665,RUFFO GIUSEPPE LANOTTE
NUNZIO,FISICA: LEZIONI E PROBLEMI - VOLUME 1 (LDM) TERZA EDIZIONE DI
LEZIONI DI FISICA. MECCANICA,1,ZANICHELLI,22,20,No,Si,No
SCIENZE MOTORIE E SPORTIVE,9788839302809,FIORINI GIANLUIGI CORETTI
STEFANO BOCCHI SILVIA,PIÃ™ MOVIMENTO VOLUME UNICO + EBOOK,,MARIETTI SCUOLA,20,55,No,Si,No
STORIA,9788858332504,REALI MAURO TURAZZA GISELLA,SEGNI DEL PASSATO (I) VOL.1 CORSO DI STORIA,1,LOESCHER
EDITORE,19,70,Si,Si,No
TECNOLOGIE INFORMATICHE,9788820378639,BASELLI RITA CAMAGNI PAOLO
NIKOLASSY RICCARDO,INFOG@ME INFORMATICA PER IL PRIMO BIENNIO,,HOEPLI,19,90,No,Si,No
TECNOLOGIE E TECNICHE DI RAPPRESENTAZIONE
GRAFICA,9788808563903,SAMMARONE SERGIO,RAPPRESENTAZIONE E TECNOLOGIA INDUSTRIALE.VERDE 2ED. - VOLUME AUTOCAD (LD),,ZANICHELLI,9,80,No,No,Si
BIOLOGIA,9788823105331,PORZIO ELENA PORZIO ORNELLA,BIOLOGIA CON OPENBOOK VOLUME + OPENBOOK,,MARKES,22,50,No,Si,No
DIRITTO ED ECONOMIA,9788823349179,AIME CARLO PASTORINO MARIA GRAZIA,101 LEZIONI DI DIRITTO ED ECONOMIA PLUS - LIBRO MISTO CON OPENBOOK VOLUME + EXTRAKIT + OPENBOOK,,TRAMONTANA,21,60,No,No,No
INGLESE,9788808821072,BONCI LAURA HOWELL MERCEDES SARAH,GRAMMAR IN PROGRESS 3ED. - VOLUME UNICO (LDM),,ZANICHELLI,30,00,Si,Si,No
INGLESE,9788883392351,AA VV,SPEED UP YOUR MIND 1 - EDIZIONE MYLAB,1,PEARSON LONGMAN,28,50,No,No,No
ITALIANO ANTOLOGIE,9788839526281,BIGLIA PAOLA MANFREDI PAOLA TERRILE ALESSANDRA,PIU' BELLO DEI MARI B LIBRO CARTACEO + ITE + DIDASTORE,2,PARAVIA,19,00,No,Si,No
ITALIANO GRAMMATICA,9788808157775,ARCIELLO ADELE MAIORANO ANTONIO,ITALIANO CHE SERVE (L') - MULTIMEDIALE (LDM) CONFEZIONE GRAMMATICA E LESSICO + COMUNICAZIONE E TESTO,,ZANICHELLI,25,80,No,No,No
MATEMATICA,9788808302052,BERGAMINI MASSIMO BAROZZI GRAZIELLA,MATEMATICA.VERDE 2ED. - VOLUME 2 (LDM),2,ZANICHELLI,31,30,Si,Si,No
TECNOLOGIA E TECNICHE DI RAPPRESENTAZIONI
GRAFICHE,9788808220899,SAMMARONE SERGIO,RAPPRESENTAZIONE E TECNOLOGIA INDUSTRIALE.VERDE 2ED. - VOLUME UNICO (LDM),,ZANICHELLI,26,70,No,No,No
RELIGIONE,9788835047537,MANGANOTTI INCAMPO,NUOVO TIBERIADE + GRANDI RELIGIONI KIT (IL) CORSO DI RELIGIONE CATTOLICA PER LA SCUOLA SEC.DI SECONDO GRADO,,LA SCUOLA EDITRICE,16,10,No,No,No
SCIENZE INTEGRATE (CHIMICA),9788808269409,VALITUTTI GIUSEPPE FALASCA MARCO,CHIMICA: MOLECOLE IN MOVIMENTO - VOLUME UNICO (LDM) SECONDA EDIZIONE DI ESPLORIAMO LA CHIMICA.VERDE,,ZANICHELLI,34,10,No,No,No
SCIENZE INTEGRATE (FISICA),9788808537669,RUFFO GIUSEPPE LANOTTE NUNZIO,FISICA: LEZIONI E PROBLEMI - VOLUME 2 (LDM) 3ED. DI LEZIONI DI FISICA - TERMODINAMICA, ONDE, ELETTROMAGNETISMO,2,ZANICHELLI,20,80,No,Si,No
SCIENZE MOTORIE E
SPORTIVE,9788839302809,FIORINI GIANLUIGI CORETTI
STEFANO BOCCHI SILVIA,PIÃ™ MOVIMENTO VOLUME UNICO + EBOOK,,MARIETTI
SCUOLA,20,55,No,No,No
STORIA,9788849418552,DI CARO GIANMARIA CRISTINO N CASTELLANO
GIULIANA,STORIA E STORIE SETTORIALI VOLUME 2 + EBOOK VOLUME 2 DA AUGUSTO ALL'ALTO MEDIOEVO,2,PETRINI,20,65,No,Si,No
SCIENZE E TECNOLOGIE APPLICATE (RIORDINO),9788820383459,CERRI FABRIZIO MARCIANO GIOVANNI,ROBOL@B SCIENZE E TECNOLOGIE APPLICATE ALLA ROBOTICA. LABORATORI ORIENTATIVI E MULTI,,HOEPLI,18,90,Si,No,Si
BIOLOGIA,9788823105331,PORZIO ELENA PORZIO ORNELLA,BIOLOGIA CON OPENBOOK VOLUME + OPENBOOK,,MARKES,22,50,No,Si,No
DIRITTO ED ECONOMIA,9788823349179,AIME CARLO PASTORINO MARIA GRAZIA,101 LEZIONI DI DIRITTO ED ECONOMIA PLUS - LIBRO MISTO CON OPENBOOK VOLUME + EXTRAKIT + OPENBOOK,,TRAMONTANA,21,60,No,No,No
INGLESE,9788808821072,BONCI LAURA HOWELL MERCEDES SARAH,GRAMMAR IN PROGRESS 3ED. - VOLUME UNICO (LDM),,ZANICHELLI,30,00,Si,Si,No
INGLESE,9788883392351,AA VV,SPEED UP YOUR MIND 1 - EDIZIONE MYLAB,1,PEARSON LONGMAN,28,50,No,No,No
ITALIANO ANTOLOGIE,9788839526281,BIGLIA PAOLA MANFREDI PAOLA TERRILE ALESSANDRA,PIU' BELLO DEI MARI B LIBRO CARTACEO + ITE + DIDASTORE,2,PARAVIA,19,00,No,Si,No
ITALIANO GRAMMATICA,9788808157775,ARCIELLO ADELE MAIORANO ANTONIO,ITALIANO CHE SERVE (L') - MULTIMEDIALE (LDM) CONFEZIONE GRAMMATICA E LESSICO + COMUNICAZIONE E TESTO,,ZANICHELLI,25,80,No,No,No
MATEMATICA,9788808302052,BERGAMINI MASSIMO BAROZZI GRAZIELLA,MATEMATICA.VERDE 2ED. - VOLUME 2 (LDM),2,ZANICHELLI,31,30,Si,Si,No
TECNOLOGIE E TECNICHE DI RAPPRESENTAZIONE,9788808220899,SAMMARONE SERGIO,RAPPRESENTAZIONE E TECNOLOGIA INDUSTRIALE.VERDE 2ED. - VOLUME UNICO (LDM),,ZANICHELLI,26,70,No,No,No
RELIGIONE,9788835047537,MANGANOTTI INCAMPO,NUOVO TIBERIADE + GRANDI RELIGIONI KIT (IL) CORSO DI RELIGIONE CATTOLICA PER LA SCUOLA SEC.DI SECONDO GRADO,,LA SCUOLA EDITRICE,16,10,No,No,No
SCIENZE INTEGRATE
(CHIMICA),9788808269409,VALITUTTI GIUSEPPE FALASCA MARCO,CHIMICA: MOLECOLE IN MOVIMENTO - VOLUME UNICO (LDM) SECONDA EDIZIONE DI ESPLORIAMO LA CHIMICA.VERDE,,ZANICHELLI,34,10,No,No,No
SCIENZE INTEGRATE (FISICA),9788808537669,RUFFO GIUSEPPE LANOTTE NUNZIO,FISICA: LEZIONI E PROBLEMI - VOLUME 2 (LDM) 3ED. DI LEZIONI DI FISICA - TERMODINAMICA, ONDE, ELETTROMAGNETISMO,2,ZANICHELLI,20,80,No,Si,No
SCIENZE MOTORIE
E SPORTIVE,9788839302809,FIORINI GIANLUIGI CORETTI
STEFANO BOCCHI SILVIA,PIÃ™ MOVIMENTO VOLUME UNICO + EBOOK,,MARIETTI
SCUOLA,20,55,No,No,No
STORIA,9788849418552,DI CARO GIANMARIA CRISTINO N CASTELLANO
GIULIANA,STORIA E STORIE SETTORIALI VOLUME 2 + EBOOK VOLUME 2 DA AUGUSTO ALL'ALTO MEDIOEVO,2,PETRINI,20,65,No,Si,No
INGLESE,9788883392382,AA VV,ENGLISH GOES LIVE 1 - EDIZIONE CON ACTIVEBOOK,1,PEARSON LONGMAN,25,40,No,Si,No
ITALIANO ANTOLOGIE,9788879523417,LAZZARO LORENZO SONGA FABIO,LEGGERE TUTTI VOLUME UNICO,,ARCHIMEDE EDIZIONI,26,50,No,Si,No
ITALIANO GRAMMATICA,9788842435129,FERRALASCO ANNA MOIOSO ANNA MARIA TESTA FRANCESCO,FARE IL PUNTO VOLUME UNICO,,B.MONDADORI,25,30,No,Si,No
MATEMATICA,9788839519207,CASSINA ELSA BONDONNO MARIA,MATEMATICA IN ESERCIZIO SMART 1 LIBRO CARTACEO + ITE + DIDASTORE,1,PARAVIA,22,60,Si,Si,No
RELIGIONE,9788835047537,MANGANOTTI INCAMPO,NUOVO TIBERIADE + GRANDI RELIGIONI KIT (IL) CORSO DI RELIGIONE CATTOLICA PER LA SCUOLA SEC.DI SECONDO GRADO,,LA SCUOLA EDITRICE,16,10,No,Si,No
SCIENZE DELLA TERRA,9788808234643,BARBONE SANDRO,SCIENZE INTEGRATE. LE SCIENZE DELLA TERRA (LM LIBRO MISTO) SECONDA EDIZIONE DI SCIENZE DELLA NATURA E DELL'UOMO,,LUCISANO EDITORE,14,20,No,Si,No
SCIENZE MOTORIE E SPORTIVE,9788839302809,FIORINI GIANLUIGI CORETTI STEFANO BOCCHI SILVIA,PIÃ™ MOVIMENTO VOLUME UNICO
+ EBOOK,,MARIETTI SCUOLA,20,55,No,Si,No
STORIA,9788869100826,DE VECCHI GIOVANNETTI,STORIA IN CORSO 2 EDIZIONE DIGITALE ROSSA,2,B.MONDADORI,22,20,No,Si,No
INGLESE,9788883392382,AA VV,ENGLISH GOES LIVE 1 - EDIZIONE CON ACTIVEBOOK,1,PEARSON LONGMAN,25,40,No,Si,No
ITALIANO ANTOLOGIE,9788879523417,LAZZARO LORENZO SONGA FABIO,LEGGERE TUTTI VOLUME UNICO,,ARCHIMEDE EDIZIONI,26,50,No,Si,No
ITALIANO GRAMMATICA,9788842435129,FERRALASCO ANNA MOIOSO ANNA MARIA TESTA FRANCESCO,FARE IL PUNTO VOLUME UNICO,,B.MONDADORI,25,30,No,Si,No
MATEMATICA,9788839519207,CASSINA ELSA BONDONNO MARIA,MATEMATICA IN ESERCIZIO SMART 1 LIBRO CARTACEO + ITE + DIDASTORE,1,PARAVIA,22,60,Si,Si,No
RELIGIONE,9788835047537,MANGANOTTI INCAMPO,NUOVO TIBERIADE + GRANDI RELIGIONI KIT (IL) CORSO DI RELIGIONE CATTOLICA PER LA SCUOLA SEC.DI SECONDO GRADO,,LA SCUOLA EDITRICE,16,10,No,Si,No
SCIENZE DELLA TERRA,9788808234643,BARBONE SANDRO,SCIENZE INTEGRATE. LE SCIENZE DELLA TERRA (LM LIBRO MISTO) SECONDA EDIZIONE DI SCIENZE DELLA NATURA E DELL'UOMO,,LUCISANO EDITORE,14,20,No,Si,No
SCIENZE MOTORIE E SPORTIVE,9788839302809,FIORINI GIANLUIGI CORETTI STEFANO BOCCHI SILVIA,PIÃ™ MOVIMENTO VOLUME UNICO
+ EBOOK,,MARIETTI SCUOLA,20,55,No,Si,No
INGLESE,9788883392382,AA VV,ENGLISH GOES LIVE 1 - EDIZIONE CON ACTIVEBOOK,1,PEARSON LONGMAN,25,40,No,Si,No
ITALIANO ANTOLOGIE,9788839524645,BIGLIA PAOLA MANFREDI PAOLA TERRILE ALESSANDRA,PRENDERE IL LARGO,,PARAVIA,25,50,No,Si,No
ITALIANO GRAMMATICA,9788839519269,BATTAGLIA ENRICA MARIA CORNO DARIO,ITALIANO PAROLE IN CORSO LIBRO CARTACEO + ITE + DIDASTORE,,PARAVIA,22,60,No,Si,No
MATEMATICA,9788861810914,FRAGNI ILARIA,PERCORSO MATEMATICA - EDIZIONE RIFORMA VOLUME 1 + CD-ROM,1,CEDAM,16,80,No,Si,No
SCIENZE DELLA TERRA,9788808234643,BARBONE SANDRO,SCIENZE INTEGRATE. LE SCIENZE DELLA TERRA (LM LIBRO MISTO) SECONDA EDIZIONE DI SCIENZE DELLA NATURA E DELL'UOMO,,LUCISANO EDITORE,14,20,No,Si,No
STORIA,9788869100826,DE VECCHI GIOVANNETTI,STORIA IN CORSO 2 EDIZIONE DIGITALE ROSSA,2,B.MONDADORI,22,20,No,Si,No
INFORMATICA,9788808663856,FORMICHI FIORENZO MEINI GIORGIO VENUTI IVAN,CORSO DI INFORMATICA 2ED. - PER INFORMATICA. VOLUME 2 (LD) PROGRAM. ORIENTATA OGGETTI IN JAVA. PROGRAM. WEB LATO
CLIENT IN JAVASCRIPT,2,ZANICHELLI,31,30,Si,Si,No
INGLESE,9788883392733,COMYNS-CARR JANE PARSONS JENNIFER FOODY ELIZABETH,B2 CHAMPION - EDIZIONE DIGITALE LIBRO CARTACEO + ITE + DIDASTORE,,PEARSON LONGMAN,27,70,No,No,No
INGLESE,9788883392023,GALLAGHER GALUZZI,GRAMMAR AND VOCABULARY MULTITRAINER ED.INTERATTIVA,,PEARSON
LONGMAN,29,20,No,No,No
INGLESE,9788883394348,O'MALLEY,WORKING WITH NEW TECHNOLOGY,,PEARSON
LONGMAN,23,70,Si,Si,No
ITALIANO
LETTERATURA,9788842435389,DI SACCO PAOLO,BASI DELLA LETTERATURA PLUS 2,2,B.MONDADORI,35,30,No,Si,No
MATEMATICA,9788808831538,BERGAMINI MASSIMO
BAROZZI GRAZIELLA,MATEMATICA.VERDE 2ED. - CONFEZIONE 4 (LDM) VOLUME 4A +
VOLUME 4B,2,ZANICHELLI,35,40,Si,Si,No
RELIGIONE,9788839301611,FAMA' ANTONELLO,UOMINI E PROFETI - TRIENNIO VOLUME UNICO TRIENNIO,,MARIETTI
SCUOLA,22,25,No,No,No
SCIENZE MOTORIE E
SPORTIVE,9788839302809,FIORINI GIANLUIGI CORETTI
STEFANO BOCCHI SILVIA,PIÃ™ MOVIMENTO VOLUME UNICO + EBOOK,,MARIETTI
SCUOLA,20,55,No,No,No
SISTEMI E RETI,9788874855933,BALDINO ELENA RONDANO
RENATO SPANO ANTONIO,INTERNETWORKING VOLUME UNICO - 2 BIENNIO - 2 EDIZIONE,,JUVENILIA,34,95,Si,Si,No
STORIA,9788883326424,BERTINI F.,ALLA RICERCA DEL PRESENTE VOL 2 IL SETTECENTO E L'OTTOCENTO,2,MURSIA SCUOLA,27,45,No,Si,No
TECNOLOGIE E
PROGETTAZIONE DI SISTEMI INFOR,9788808599445,MEINI GIORGIO FORMICHI FIORENZO,TECNOLOGIE E PROG. DI SISTEMI INFORMATICI E DI
TELECOMUNICAZIONI 2 2ED (LD) PER INFORMATICA - CICLO DI VITA SOFTWARE E UML. PROGRAMMAZIONE CONCORRENTE,2,ZANICHELLI,21,60,Si,Si,No
TELECOMUNICAZIONI,9788823334229,AMBROSINI ENRICO PERLASCA IPPOLITO MAINI PIER PAOLO,TELECOMUNICAZIONI VOLUME UNICO - EDIZIONE MISTA VOLUME + ESPANSIONE ONLINE,,TRAMONTANA,31,10,No,No,No
CHIMICA ANALITICA E
STRUMENTALE,9788808063717,COZZI RENATO PROTTI PIERPAOLO RUARO TARCISIO,ELEMENTI DI ANALISI CHIMICA STRUMENTALE SECONDA EDIZIONE TECNICHE DI ANALISI + EB SB CON ESTENSIONE DIGITALE CHIMICA E
MATERIALI,,ZANICHELLI,47,00,No,Si,No
CHIMICA APPLICATA,9788808098566,HART H. CRAINE L.E.,LABORATORIO DI CHIMICA ORGANICA,,ZANICHELLI,24,80,No,No,No
CHIMICA ORGANICA E
BIOCHIMICA,9788808193506,HART HAROLD CRAINE LESLIE E HART DAVID J,CHIMICA ORGANICA. 7ED. LD,,ZANICHELLI,42,90,No,No,No
INGLESE,9788844120788,BRIANO PAOLA,A MATTER OF LIFE 3.0 ENGLISH FOR CHEMISTRY, BIOLOGY AND BIOTECHNOLOGY,,EDISCO,24,80,Si,Si,No
INGLESE,9788883392733,COMYNS-CARR JANE PARSONS JENNIFER FOODY ELIZABETH,B2 CHAMPION - EDIZIONE DIGITALE LIBRO CARTACEO + ITE + DIDASTORE,,PEARSON LONGMAN,27,70,No,No,No
INGLESE,9788883392023,GALLAGHER GALUZZI,GRAMMAR AND VOCABULARY MULTITRAINER ED.INTERATTIVA,,PEARSON LONGMAN,29,20,No,No,No
ITALIANO LETTERATURA,9788842435389,DI SACCO PAOLO,BASI DELLA LETTERATURA PLUS 2,2,B.MONDADOR I,35,30,No,Si,No
MATEMATICA,9788808831538,BERGAMINI MASSIMO BAROZZI GRAZIELLA,MATEMATICA.VERDE 2ED. - CONFEZIONE 4 (LDM) VOLUME 4A + VOLUME 4B,2,ZANICHELLI,35,40,Si,Si,No
RELIGIONE,9788839301611,FAMA' ANTONELLO,UOMINI E PROFETI - TRIENNIO VOLUME UNICO TRIENNIO,,MARIETTI SCUOLA,22,25,No,No,No
SCIENZE
MOTORIE E SPORTIVE,9788839302809,FIORINI GIANLUIGI CORETTI STEFANO BOCCHI SILVIA,PIÃ™ MOVIMENTO VOLUME UNICO + EBOOK,,MARIETTI SCUOLA,20,55,No,No,No
STORIA,9788883326424,BERTINI F.,ALLA RICERCA DEL PRESENTE VOL 2 IL SETTECENTO E L'OTTOCENTO,2,MURSIA
SCUOLA,27,45,No,Si,No
TECNOLOGIE
CHIMICHE INDUSTRIALI,9788844118792,NATOLI SILVESTRO CALATOZZOLO MARIANO,TECNOLOGIE CHIMICHE IND. 2 VOL. 2, SECONDA EDIZIONE,2,EDISCO,37,00,No,Si,No
ELETTROTECNICA ED ELETTRONICA,9788820372774,CONTE GAETANO TOMASSINI DANILO,ELETTRONICA ED ELETTROTECNICA. NUOVA EDIZIONE OPENSCHOOL PER LE ARTICOLAZIONI ELETTRONICA E AUTOMAZIONE DEGLI
ISTITUTI TECNICI T,2,HOEPLI,23,90,No,Si,No
INGLESE,9788883392733,COMYNS-CARR JANE PARSONS JENNIFER FOODY ELIZABETH,B2 CHAMPION - EDIZIONE DIGITALE LIBRO CARTACEO + ITE + DIDASTORE,,PEARSON LONGMAN,27,70,No,No,No
INGLESE,9788883392023,GALLAGHER GALUZZI,GRAMMAR AND VOCABULARY MULTITRAINER ED.INTERATTIVA,,PEARSON LONGMAN,29,20,No,No,No
INGLESE,9788883394348,O'MALLEY,WORKING WITH NEW TECHNOLOGY,,PEARSON LONGMAN,23,70,Si,Si,No
ITALIANO LETTERATURA,9788842435389,DI SACCO PAOLO,BASI DELLA LETTERATURA PLUS 2,2,B.MONDADORI,35,30,No,Si,No
MATEMATICA,9788808831538,BERGAMINI MASSIMO BAROZZI GRAZIELLA,MATEMATICA.VERDE 2ED. - CONFEZIONE 4 (LDM) VOLUME 4A + VOLUME 4B,2,ZANICHELLI,35,40,Si,Si,No
RELIGIONE,9788839301611,FAMA' ANTONELLO,UOMINI E PROFETI - TRIENNIO VOLUME UNICO TRIENNIO,,MARIETTI SCUOLA,22,25,No,No,No
SCIENZE
MOTORIE E SPORTIVE,9788839302809,FIORINI GIANLUIGI CORETTI STEFANO BOCCHI SILVIA,PIÃ™ MOVIMENTO VOLUME UNICO + EBOOK,,MARIETTI SCUOLA,20,55,No,No,No
SISTEMI AUTOMATICI,9788820372750,CERRI FABRIZIO ORTOLANI GIULIANO VENTURI EZIO,CORSO DI SISTEMI AUTOMATICI. NUOVA EDIZIONE OPENSCHOOL PER LE ARTICOLAZIONI ELETTROTECNICA, ELETTRONICA E
AUTOMAZIONE DEGLI ISTITUT,2,HOEPLI,26,90,No,Si,No
STORIA,9788883326424,BERTINI F.,ALLA RICERCA DEL PRESENTE VOL 2 IL SETTECENTO E L'OTTOCENTO,2,MURSIA SCUOLA,27,45,No,Si,No
TECNOLOGIE E PROGETTAZIONE
DI SISTEMI ELETT,9788820372781,AA VV,TECNOLOGIE E PROGETTAZIONE DI SISTEMI ELETTRICI ED ELETTRONICI. NUOVA EDIZIO PER L'ARTICOLAZIONE
ELETTROTECNICA DEGLI ISTITUTI TECNICI SETTORE TECNOLOGIC,2,HOEPLI,26,90,No,Si,No
DISEGNO,9788839529947,CALIGARIS FAVA TOMASELLO,NUOVO DAL PROGETTO AL PRODOTTO (IL) 2,2,PARAVIA,38,40,No,Si,No
INGLESE,9788883392733,COMYNS-CARR JANE
PARSONS JENNIFER FOODY ELIZABETH,B2 CHAMPION - EDIZIONE DIGITALE LIBRO CARTACEO + ITE + DIDASTORE,,PEARSON LONGMAN,27,70,No,No,No
INGLESE,9788883392023,GALLAGHER GALUZZI,GRAMMAR AND VOCABULARY MULTITRAINER ED.INTERATTIVA,,PEARSON LONGMAN,29,20,No,No,No
INGLESE,9788853620774,RIZZO ROSA ANNA,SMARTMECH + PROVE D'ESAME + FLIP BOOK,,ELI,23,90,No,Si,No
ITALIANO LETTERATURA,9788842435389,DI SACCO PAOLO,BASI DELLA LETTERATURA PLUS 2,2,B.MONDADORI,35,30,No,Si,No
MATEMATICA,9788808831538,BERGAMINI MASSIMO BAROZZI GRAZIELLA,MATEMATICA.VERDE 2ED. - CONFEZIONE 4 (LDM) VOLUME 4A + VOLUME 4B,2,ZANICHELLI,35,40,Si,Si,No
MECCANICA,
MACCHINE ED ENERGIA,9788820349646,ANZALONE GIUSEPPE
BASSIGNANA PAOLO BRAFA MUSICORO,MECCANICA, MACCHINE ED ENERGIA - EDIZIONE BLU ARTICOLAZIONE MECCANICA E MECCATRONICA,2,HOEPLI,30,50,No,Si,No
RELIGIONE CATTOLICA,9788839301611,FAMA' ANTONELLO,UOMINI E PROFETI - TRIENNIO VOLUME UNICO TRIENNIO,,MARIETTI SCUOLA,22,25,No,No,No
SCIENZE MOTORIE E SPORTIVE,9788839302809,FIORINI GIANLUIGI
CORETTI STEFANO BOCCHI SILVIA,PIÃ™ MOVIMENTO VOLUME UNICO + EBOOK,,MARIETTI SCUOLA,20,55,No,No,No
SISTEMI E AUTOMAZIONE,9788820378349,BERGAMINI GUIDO NASUTI PIER GIORGIO,SISTEMI E AUTOMAZIONE NUOVA EDIZIONE OPENSCHOOL PER L'INDIRIZZO MECCANICA, MECCATRONICA ED ENERGIA DEGLI,2,HOEPLI,24,90,No,Si,No
STORIA,9788883326424,BERTINI F.,ALLA RICERCA DEL PRESENTE VOL 2 IL SETTECENTO E L'OTTOCENTO,2,MURSIA SCUOLA,27,45,No,Si,No
TECNOLOGIA MECCANICA,9788852805448,PANDOLFO ALBERTO
DEGLI ESPOSTI GIANCARLO,TECNOLOGIE MECCANICHE DI PROCESSO E DI PRODOTTO MECC. SET 2 - EDIZIONE MISTA VOLUME 2 + ESPANSIONE ONLINE,2,CALDERINI,22,10,No,Si,No
MECCANICA,9788820366452,AA VV,MANUALE DI MECCANICA,,HOEPLI,71,90,No,No,Si
SISTEMI ED
AUTOMAZIONE INDUSTRIALE,9788820373481,LO RUSSO LUIGI BIANCHI ELENA,ARDUINO,,HOEPLI,7,43,Si,No,Si
DISEGNO,9788839529947,CALIGARIS FAVA TOMASELLO,NUOVO DAL PROGETTO AL PRODOTTO (IL) 2,2,PARAVIA,36,95,no,no,no
INGLESE,9780194276894,AA VV,NETWORK B1-B2 INTERMEDIATE: MISTO PREMIUM EB + SB&WB + EBOOK + GRM + ESP ONLINE,,OXFORD UNIVERSI,25,30,no,no,no
INGLESE,9780194706100,COE NORMAN AMENDOLAGINE ANNA PATERSON K.,NEW GRAMMAR SPECTRUM: ST PACK 2008 SB+BOOSTER 3000 S/C +CDROM + ESPANSIONE ONLINE,,OXFORD UNIVERSI,31,30,no,no,no
INGLESE,9788820349738,BERNARDINI GABRIELLA VIDORI MARIA ANTONIETTA DE BENEDITTIS GIUSEPPE,NEW MECHANICAL TOPICS A LINGUISTIC TOUR THROUGH MECHANICAL ENGINEERING,,HOEPLI,24,90,no,no,no
ITALIANO LETTERATU,9788842435815,DI SACCO,CHIARE LETTERE 2 EDIZIONE BASE,2,B.MONDADORI,29,50,no,no,no
MATEMATICA,9788808235725,BERGAMINI MASSIMO TRIFONE ANNA BAROZZI GRAZIELLA,MATEMATICA.VERDE 4 CON MATHS IN ENGLISH (LD),2,ZANICHELLI,33,90,no,no,no
MECCANICA, MACCHI,9788820349646,ANZALONE GIUSEPPE BASSIGNANA PAOLO BRAFA MUSICORO GIUSEPPE,MECCANICA, MACCHINE ED ENERGIA - EDIZIONE BLU ARTICOLAZIONE MECCANICA E MECCATRONICA,2,HOEPLI,30,50,no,no,no
SISTEMI E AUTOMAZI,9788820349691,BERGAMINI GUIDO,SISTEMI E AUTOMAZIONE PER L'INDIRIZZO MECCANICA, MECCATRONICA ED ENERGIA DEGLI ISTITUTI TECNICI T,2,HOEPLI,23,50,no,no,no
STORIA,9788842435907,DE VECCHI GIOVANNETTI,STORIA IN CORSO 2 ED.ROSSA TECNOLOGICI+ATLANTE,2,B.MONDADORI,21,35,no,no,no
TECNOLOGIA MECCA,9788820372408,DI GENNARO CATALDO CHIAPPETTA ANNA LUISA CHILLEMI ANTONINO,CORSO DI TECNOLOGIA MECCANICA. NUOVA EDIZIONE OPENSCHOOL METALLURGIA DELLE POLVERI - DIAGRAMMI DI EQUILIBRIO - TRATTAMENTI TERMICI -,2,HOEPLI,25,90,no,no,no
DISEGNO,9788839529954,CALLIGARIS STEFANO FAVA LUIGI TOMMASELLO CARLO,NUOVO DAL PROGETTO AL PRODOTTO 3,3,PARAVIA,40,50,,,
INGLESE,9788858317907,MEDAGLIA CINZIA YOUNG BEVERLEY ANNE,CORNERSTONE+CDROM,,LOESCHER EDITOR,27,40,,,
INGLESE,9780194706100,COE NORMAN AMENDOLAGINE ANNA PATERSON K.,NEW GRAMMAR SPECTRUM: ST PACK 2008 SB+BOOSTER 3000 S/C +CDROM + ESPANSIONE ONLINE,,OXFORD UNIVERSI,31,30,,,
INGLESE,9788820349738,BERNARDINI GABRIELLA VIDORI MARIA ANTONIETTA DE BENEDITTIS GIUSEPPE,NEW MECHANICAL TOPICS A LINGUISTIC TOUR THROUGH MECHANICAL ENGINEERING,,HOEPLI,24,90,,,
ITALIANO LETTERATURA,9788842435822,DI SACCO,CHIARE LETTERE 3 EDIZIONE BASE,3,B.MONDADORI,32,65,,,
MATEMATICA,9788808236104,BERGAMINI MASSIMO TRIFONE ANNA BAROZZI GRAZIELLA,MATEMATICA.VERDE 5 CON MATHS IN ENGLISH (LD),3,ZANICHELLI,31,50,,,
MECCANICA,9788820349653,ANZALONE GIUSEPPE BASSIGNANA PAOLO BRAFA MUSICORO GIUSEPPE,MECCANICA, MACCHINE ED ENERGIA - EDIZIONE BLU ARTICOLAZIONE MECCANICA E MECCATRONICA,3,HOEPLI,30,50,,,
SISTEMI E AUTOMAZIONE,9788820349707,BERGAMINI GUIDO,SISTEMI E AUTOMAZIONE PER L'INDIRIZZO MECCANICA, MECCATRONICA ED ENERGIA DEGLI ISTITUTI TECNICI T,3,HOEPLI,23,50,,,
STORIA,9788842435914,DE VECCHI GIOVANNETTI,STORIA IN CORSO 3 ED.ROSSA TECNOLOGICI+ATLANTE,3,B.MONDADORI,21,35,,,
TECNOLOGIA MECCANICA,9788820350116,DI GENNARO CATALDO CHIAPPETTA ANNA LUISA CHILLEMI ANTONINO,NUOVO CORSO DI TECNOLOGIA MECCANICA QUALITA' E INNOVAZIONE DEI PRODOTTI E DEI PROCESSI,3,HOEPLI,26,50,,,
BIOLOGIA,9788808235206,BARBONE SANDRO,SCIENZE INTEGRATE. BIOLOGIA E CORPO UMANO (LM LIBRO MISTO) SECONDA EDIZIONE DI SCIENZE DELLA NATURA E DELL'UOMO,,LUCISANO EDITORE,23,60,No,Si,No
INGLESE,9788883392382,AA VV,ENGLISH GOES LIVE 1 - EDIZIONE CON ACTIVEBOOK,1,PEARSON LONGMAN,25,40,No,No,No
ITALIANO ANTOLOGIE,9788879523417,LAZZARO LORENZO SONGA FABIO,LEGGERE TUTTI VOLUME UNICO,,ARCHIMEDE EDIZIONI,26,50,No,No,No
ITALIANO GRAMMATICA,9788842435129,FERRALASCO ANNA MOIOSO ANNA MARIA TESTA FRANCESCO,FARE IL PUNTO VOLUME UNICO,,B.MONDADORI,25,30,No,No,No
MATEMATICA,9788861810914,FRAGNI ILARIA,PERCORSO MATEMATICA - EDIZIONE RIFORMA VOLUME 1 + CD-ROM,1,CEDAM,16,80,No,No,No
RELIGIONE,9788835047537,MANGANOTTI INCAMPO,NUOVO TIBERIADE + GRANDI RELIGIONI KIT (IL) CORSO DI RELIGIONE CATTOLICA PER LA SCUOLA SEC.DI SECONDO GRADO,,LA SCUOLA EDITRICE,16,10,No,No,No
SCIENZE MOTORIE E SPORTIVE,9788839302809,FIORINI GIANLUIGI CORETTI STEFANO BOCCHI SILVIA,PIÃ™ MOVIMENTO VOLUME UNICO
+ EBOOK,,MARIETTI SCUOLA,20,55,No,No,No
STORIA,9788869101991,DE VECCHI GIOVANNETTI,STORIA IN CORSO 3 EDIZIONE DIGITALE ROSSA,3,B.MONDADORI,22,20,No,Si,No
TECNOLOGIE E TECNICHE DI INSTALLAZIONE E DI,9788835025665,CARIBONI ADELIO MORETTO VITTORIO,NUOVO TECNICA PROFESSIONALE (IL) LAB. TECNOLOGICI ELETTROTECNICA, ELETTRONICA, IMP ELET. E ELETTROPNEUMATICA,2,LA SCUOLA EDITRICE,18,40,No,Si,No
BIOLOGIA,9788808235206,BARBONE SANDRO,SCIENZE INTEGRATE. BIOLOGIA E CORPO UMANO (LM LIBRO MISTO) SECONDA EDIZIONE DI SCIENZE DELLA NATURA E DELL'UOMO,,LUCISANO EDITORE,23,60,No,Si,No
INGLESE,9788883392382,AA VV,ENGLISH GOES LIVE 1 - EDIZIONE CON ACTIVEBOOK,1,PEARSON LONGMAN,25,40,No,No,No
ITALIANO ANTOLOGIE,9788879523417,LAZZARO LORENZO SONGA FABIO,LEGGERE TUTTI VOLUME UNICO,,ARCHIMEDE EDIZIONI,26,50,No,No,No
ITALIANO GRAMMATICA,9788842435129,FERRALASCO ANNA MOIOSO ANNA MARIA TESTA
FRANCESCO,FARE IL PUNTO VOLUME UNICO,,B.MONDADORI,25,30,No,No,No
MATEMATICA,9788861810914,FRAGNI ILARIA,PERCORSO MATEMATICA - EDIZIONE RIFORMA VOLUME 1 + CD-ROM,1,CEDAM,16,80,No,No,No
RELIGIONE,9788835047537,MANGANOTTI INCAMPO,NUOVO TIBERIADE + GRANDI RELIGIONI KIT (IL) CORSO DI RELIGIONE CATTOLICA PER LA SCUOLA SEC.DI SECONDO GRADO,,LA SCUOLA EDITRICE,16,10,No,No,No
SCIENZE MOTORIE E SPORTIVE,9788839302809,FIORINI GIANLUIGI CORETTI STEFANO BOCCHI SILVIA,PIÃ™ MOVIMENTO VOLUME UNICO + EBOOK,,MARIETTI SCUOLA,20,55,No,No,No
STORIA,9788869101991,DE VECCHI GIOVANNETTI,STORIA IN CORSO 3 EDIZIONE DIGITALE ROSSA,3,B.MONDADORI,22,20,No,Si,No
TECNOLOGIA MECCANICA,9788820331511,CALIGARIS LUIGI FAVA STEFANO TOMASELLO CARLO,TEKNOMECH + ESERCIZIARIO SICUREZZA { METROLOGIA { MATERIALI { LAVORAZIONI A,,HOEPLI,36,90,No,Si,No
INGLESE,9788883392382,AA VV,ENGLISH GOES LIVE 1 - EDIZIONE CON ACTIVEBOOK,1,PEARSON LONGMAN,25,40,No,No,Si
ITALIANO ANTOLOGIE,9788839524645,BIGLIA PAOLA MANFREDI PAOLA TERRILE ALESSANDRA,PRENDERE IL LARGO,,PARAVIA,25,50,No,No,Si
ITALIANO GRAMMATICA,9788839519269,BATTAGLIA ENRICA MARIA CORNO DARIO,ITALIANO PAROLE IN CORSO LIBRO CARTACEO + ITE + DIDASTORE,,PARAVIA,22,60,No,No,Si
MATEMATICA,9788861810914,FRAGNI ILARIA,PERCORSO MATEMATICA - EDIZIONE RIFORMA VOLUME 1 + CD-ROM,1,CEDAM,16,80,No,No,Si
STORIA,9788869101991,DE VECCHI GIOVANNETTI,STORIA IN CORSO 3 EDIZIONE DIGITALE ROSSA,3,B.MONDADORI,22,20,No,No,Si
INGLESE,9788883392382,AA VV,ENGLISH GOES LIVE 1 - EDIZIONE CON ACTIVEBOOK,1,PEARSON LONGMAN,25,40,No,No,Si
ITALIANO ANTOLOGIE,9788839524645,BIGLIA PAOLA MANFREDI PAOLA TERRILE ALESSANDRA,PRENDERE IL LARGO,,PARAVIA,25,50,No,No,Si
ITALIANO GRAMMATICA,9788839519269,BATTAGLIA ENRICA MARIA CORNO DARIO,ITALIANO PAROLE IN CORSO LIBRO CARTACEO + ITE + DIDASTORE,,PARAVIA,22,60,No,No,Si
MATEMATICA,9788861810914,FRAGNI ILARIA,PERCORSO MATEMATICA - EDIZIONE RIFORMA VOLUME 1 + CD-ROM,1,CEDAM,16,80,No,No,Si
STORIA,9788869101991,DE VECCHI GIOVANNETTI,STORIA IN CORSO 3 EDIZIONE DIGITALE ROSSA,3,B.MONDADORI,22,20,No,No,Si
RELIGIONE CATTOLICA,9788842673873,CONTADINI M,ITINERARI DI IRC 2.0 VOLUME UNICO SCHEDE TEMATICHE PER LA SCUOLA SUPERIORE,,ELLE DI CI,15,65,No,No,No
SCIENZE MOTORIE E SPORTIVE,9788839302809,FIORINI GIANLUIGI CORETTI STEFANO BOCCHI SILVIA,PIÃ™ MOVIMENTO VOLUME UNICO
+ EBOOK,,MARIETTI SCUOLA,20,55,No,No,No
STORIA,9788842456438,DE VECCHI GIORGIO GIOVANNETTI GIORGIO ZANETTE
EMILIO,GUARDA CHE STORIA 3 IL NOVECENTO E IL MONDO ATTUALE,3,B.MONDADORI,20,55,No,No,No
ESERCITAZIONI PRATICHE,9788820360887,CALIGARIS LUIGI FAVA STEFANO TOMASELLO CARLO,LABORATORI TECNOLOGICI ED ESERCITAZIONI. NUOVA EDIZIONE OPENSCHOOL PER IL PRIMO BIENNIO DEGLI ISTITUTI PROFESSIONALI SETTORE INDUSTRIA E ART.,1,HOEPLI,21,90,No,Si,No
INGLESE,9788883390524,FREEBAIRN BYGRAVE COPAGE,UPBEAT 2 EDIZIONE PACK CON LIVEBOOK VOL. 2 SB/WB + MOTIVATOR 2,2,PEARSON LONGMAN,28,60,No,Si,No
ITALIANO ANTOLOGIE,9788879523417,LAZZARO LORENZO SONGA FABIO,LEGGERE TUTTI VOLUME UNICO,,ARCHIMEDE EDIZIONI,26,50,No,No,No
ITALIANO GRAMMATICA,9788842435129,FERRALASCO ANNA MOIOSO ANNA MARIA TESTA FRANCESCO,FARE IL PUNTO VOLUME UNICO,,B.MONDADORI,25,30,No,No,No
MATEMATICA,9788861811171,FRAGNI ILARIA,APPUNTI DI MATEMATICA - PERCORSI D GEOMETRIA ANALITICA. ESPONENZIALI E LOGARITMI. LOGICA,,CEDAM,13,35,No,Si,No
RELIGIONE CATTOLICA,9788842673873,CONTADINI M,ITINERARI DI IRC 2.0 VOLUME UNICO SCHEDE TEMATICHE PER LA SCUOLA SUPERIORE,,ELLE DI CI,15,65,No,No,No
SCIENZE MOTORIE E SPORTIVE,9788839302809,FIORINI GIANLUIGI CORETTI STEFANO BOCCHI SILVIA,PIU' MOVIMENTO VOLUME UNICO + EBOOK,,MARIETTI SCUOLA,20,55,No,No,No
STORIA,9788842456438,DE VECCHI GIORGIO GIOVANNETTI GIORGIO ZANETTE EMILIO,GUARDA CHE STORIA 3 IL NOVECENTO E IL MONDO ATTUALE,3,B.MONDADORI,20,55,No,No,No
TECNOLOGIA MECCANICA,9788820331511,CALIGARIS LUIGI FAVA STEFANO TOMASELLO CARLO,TEKNOMECH + ESERCIZIARIO SICUREZZA { METROLOGIA { MATERIALI { LAVORAZIONI A,,HOEPLI,36,90,No,Si,No
TECNOLOGIE INFORMATICHE,9788820356552,CAMAGNI PAOLO NIKOLASSY RICCARDO,TECNOLOGIE INFORMATICHE. NUOVA EDIZIONE OPENSCHOOL OFFICE 2003 E WINDOWS XP,,HOEPLI,19,90,No,Si,No
INGLESE,9788883390524,FREEBAIRN BYGRAVE COPAGE,UPBEAT 2 EDIZIONE PACK CON LIVEBOOK VOL. 2 SB/WB + MOTIVATOR 2,2,PEARSON LONGMAN,28,60,No,No,Si
ITALIANO ANTOLOGIE,9788839524645,BIGLIA PAOLA MANFREDI PAOLA TERRILE ALESSANDRA,PRENDERE IL LARGO,,PARAVIA,25,50,No,No,Si
ITALIANO GRAMMATICA,9788839519269,BATTAGLIA ENRICA MARIA CORNO DARIO,ITALIANO PAROLE IN CORSO LIBRO CARTACEO + ITE + DIDASTORE,,PARAVIA,22,60,No,No,Si
MATEMATICA,9788861811171,FRAGNI ILARIA,APPUNTI DI MATEMATICA - PERCORSI D GEOMETRIA ANALITICA. ESPONENZIALI E LOGARITMI. LOGICA,,CEDAM,13,35,No,No,Si
STORIA,9788869101991,DE VECCHI GIOVANNETTI,STORIA IN CORSO 3 EDIZIONE DIGITALE ROSSA,3,B.MONDADORI,22,20,No,No,Si
CHIMICA,9788808648389,VALITUTTI GIUSEPPE FORNARI GABRIELLA,CHIMICA ORGANICA, BIOCHIMICA E LABORATORIO 5ED
- LABORATORIO (LDM),,ZANICHELLI,10,10,Si,Si,No
CHIMICA,9788808821317,VALITUTTI GIUSEPPE FORNARI GABRIELLA,CHIMICA ORGANICA, BIOCHIMICA E LABORATORIO 5ED
- TEORIA (LDM),,ZANICHELLI,32,90,Si,Si,No
ANALITICA E STRUMENTALE,9788808196446,RUBINO CARMINE VENZAGHI ITALO COZZI RENATO,BASI DELLA CHIMICA ANALITICA (LE) (LMS LIBRO SCARICABILE) TEORIA + EBOOK SCUOLABOOK,,ZANICHELLI,23,60,No,Si,No
ANALITICA E STRUMENTALE,9788808202871,RUBINO CARMINE VENZAGHI ITALO COZZI RENATO,BASI DELLA CHIMICA ANALITICA (LE) (LMS LIBRO SCARICABILE) LABORATORIO + EBOOK SCUOLABOOK,,ZANICHELLI,16,90,No,Si,No
INGLESE,9788883392733,COMYNS-CARR JANE PARSONS JENNIFER FOODY ELIZABETH,B2 CHAMPION - EDIZIONE DIGITALE LIBRO CARTACEO
+ ITE + DIDASTORE,,PEARSON LONGMAN,27,70,No,Si,No
INGLESE,9788883392023,GALLAGHER GALUZZI,GRAMMAR AND VOCABULARY MULTITRAINER ED.INTERATTIVA,,PEARSON LONGMAN,29,20,No,No,No
ITALIANO,9788849418651,MEZZADRELLI,PRIMA PROVA-CI PER LA MATURITÃ€ GUIDA ALLA PRIMA PROVA DELL'ESAME DI STATO,,PETRINI,14,80,No,Si,No
ITALIANO LETTERATURA,9788869100581,DI SACCO PAOLO,INCONTRO CON LA LETTERATURA 1 CON ANTOLOGIA DELLA DIVINA COMMEDIA,1,B.MONDADORI,39,30,Si,Si,No
MATEMATICA,9788808837837,BERGAMINI MASSIMO BAROZZI GRAZIELLA,MATEMATICA.VERDE 2ED. - CONFEZIONE 3 (LDM) VOL. 3A + VOL. 3B,1,ZANICHELLI,35,30,No,Si,No
RELIGIONE,9788842673873,CONTADINI M,ITINERARI DI IRC 2.0 VOLUME UNICO SCHEDE TEMATICHE PER LA SCUOLA SUPERIORE,,ELLE DI CI,15,65,No,No,No
MOTORIE E SPORTIVE,9788839302809,FIORINI GIANLUIGI CORETTI STEFANO BOCCHI SILVIA,PIÃ™ MOVIMENTO VOLUME UNICO + EBOOK,,MARIETTI SCUOLA,20,55,No,No,No
STORIA,9788883326417,BERTINI F.,ALLA RICERCA DEL PRESENTE VOL 1 DAL MILLE AL SEICENTO,1,MURSIA SCUOLA,25,05,No,Si,No
CHIMICHE INDUSTRIALI,9788844118785,NATOLI SILVESTRO CALATOZZOLO MARIANO,TECNOLOGIE CHIMICHE IND. 1 VOL. 1, SECONDA EDIZIONE,1,EDISCO,35,50,No,Si,No
ELETTROTECNICA ED ELETTRONICA,9788820366360,CONTE GAETANO CESERANI MATTEO IMPALLOMENI
EMANUELE,ELETTRONICA ED ELETTROTECNICA. NUOVA EDIZIONE OPENSCHOOL PER LE ARTICOLAZIONI ELETTRONICA E AUTOMAZIONE DEGLI ISTITUTI TECNICI T,1,HOEPLI,25,90,No,Si,No
INGLESE,9788883392733,COMYNS-CARR JANE PARSONS JENNIFER FOODY ELIZABETH,B2 CHAMPION - EDIZIONE DIGITALE LIBRO CARTACEO + ITE + DIDASTORE,,PEARSO N LONGMA
N,27,70,No,Si,No
INGLESE,9788883392023,GALLAGHER GALUZZI,GRAMMAR AND VOCABULARY MULTITRAINER ED.INTERATTIVA,,PEARSO N LONGMA
N,29,20,No,No,No
ITALIANO,9788849418651,MEZZADRELLI,PRIMA PROVA-CI PER LA MATURITÃ€ GUIDA ALLA PRIMA PROVA
DELL'ESAME DI STATO,,PETRINI,14,80,No,Si,No
ITALIANO LETTERATURA,9788869100581,DI SACCO PAOLO,INCONTRO CON LA LETTERATURA 1 CON ANTOLOGIA DELLA
DIVINA COMMEDIA,1,B.MOND
ADORI,39,30,Si,Si,No
MATEMATICA,9788808837837,BERGAMINI MASSIMO BAROZZI GRAZIELLA,MATEMATICA.VERDE 2ED. - CONFEZIONE 3 (LDM) VOL. 3A + VOL. 3B,1,ZANICH ELLI,35,30,No,Si,No
RELIGIONE,9788842673873,CONTADINI M,ITINERARI DI IRC 2.0 VOLUME UNICO SCHEDE TEMATICHE PER
LA SCUOLA SUPERIORE,,ELLE DI
CI,15,65,No,No,No
SCIENZE MOTORIE E SPORTIVE,9788839302809,FIORINI GIANLUIGI CORETTI STEFANO
BOCCHI SILVIA,PIÃ™ MOVIMENTO VOLUME UNICO + EBOOK,,MARIET TI
SCUOLA,20,55,No,No,No
SISTEMI,9788820349752,CAMAGNI PAOLO NIKOLASSY RICCARDO,INFORMATICA LINGUAGGIO C PER IL SECONDO BIENNIO DEGLI ISTITUTI TECNICI SETTORE TECNOLOGICO, ARTICOLAZ,,HOEPLI,27,90,No,Si,No
STORIA,9788883326417,BERTINI F.,ALLA RICERCA DEL PRESENTE VOL 1 DAL MILLE AL SEICENTO,1,MURSIA
SCUOLA,25,05,No,Si,No
TECNOLOGIE E PROGETTAZIONE DI SISTEMI ELETT,9788820366643,AA VV,TECNOLOGIE E PROGETTAZIONE DI SISTEMI ELETTRICI ED ELETTRONICI. NUOVA EDIZIO PER L'ARTICOLAZIONE ELETTROTECNICA DEGLI ISTITUTI TECNICI SETTORE
TECNOLOGIC,1,HOEPLI,24,90,No,Si,No
INFORMATICA,9788808520937,FORMICHI FIORENZO MEINI GIORGIO VENUTI
IVAN,CORSO DI INFORMATICA 2ED. - PER INFORMATICA. VOLUME 1 (LD) ALGORITMI E LINGUAGGIO C/C++. PAGINE WEB CON HTML, CSS E JAVASCRIPT,1,ZANICHELLI,28,00,Si,Si,No
INGLESE,9788883392733,COMYNS-CARR JANE PARSONS JENNIFER FOODY
ELIZABETH,B2 CHAMPION - EDIZIONE DIGITALE LIBRO CARTACEO + ITE + DIDASTORE,,PEARSON LONGMAN,27,70,No,Si,No
INGLESE,9788883392023,GALLAGHER
GALUZZI,GRAMMAR AND VOCABULARY MULTITRAINER ED.INTERATTIVA,,PEARSON LONGMAN,29,20,No,No,No
ITALIANO,9788849418651,MEZZADRELLI,PRIMA PROVA-CI PER LA MATURITÃ€ GUIDA ALLA PRIMA PROVA
DELL'ESAME DI STATO,,PETRINI,14,80,No,Si,No
ITALIANO
LETTERATURA,9788869100581,DI SACCO PAOLO,INCONTRO CON LA LETTERATURA 1 CON ANTOLOGIA DELLA DIVINA
COMMEDIA,1,B.MONDADORI,39,30,Si,Si,No
MATEMATICA,9788808837837,BERGAMINI MASSIMO BAROZZI
GRAZIELLA,MATEMATICA.VERDE 2ED. - CONFEZIONE 3 (LDM) VOL. 3A + VOL. 3B,1,ZANICHELLI,35,30,No,Si,No
RELIGIONE,9788842673873,CONTADINI M,ITINERARI DI IRC 2.0 VOLUME UNICO SCHEDE TEMATICHE PER LA SCUOLA SUPERIORE,,ELLE DI CI,15,65,No,No,No
SCIENZE MOTORIE E SPORTIVE,9788839302809,FIORINI GIANLUIGI CORETTI STEFANO BOCCHI
SILVIA,PIÃ™ MOVIMENTO VOLUME UNICO + EBOOK,,MARIETTI SCUOLA,20,55,No,No,No
SISTEMI E RETI,9788874855933,BALDINO ELENA RONDANO RENATO SPANO
ANTONIO,INTERNETWORKING VOLUME UNICO - 2 BIENNIO - 2 EDIZIONE,,JUVENILIA,34,95,Si,Si,No
STORIA,9788883326417,BERTINI F.,ALLA RICERCA DEL PRESENTE VOL 1 DAL MILLE AL SEICENTO,1,MURSIA SCUOLA,25,05,No,Si,No
TECNOLOGIE E PROGETTAZIONE DI SISTEMI INFOR,9788808920997,MEINI GIORGIO FORMICHI FIORENZO,TECNOLOGIE E PROG. DI SISTEMI INFORMATICI E DI TELECOMUNICAZIONI 1 2ED (LD) PER INFORMATICA - ARCHITETTURA COMPUTER E SISTEMI OPERATIVI. LINGUAGGIO C,1,ZANICHELLI,21,30,No,Si,No
TELECOMUNICAZIONI,9788823357037,AMBROSINI ENRICO PERLASCA IPPOLITO MAINI
PIERPAOLO,TELECOMUNICAZIONI - LIBRO MISTO CON HUB LIBRO YOUNG VOL.
+ HUB YOUNG + HUB KIT,,TRAMONTANA,31,40,Si,Si,No
DISEGNO,9788839529930,CALIGARIS FAVA TOMASELLO,NUOVO DAL PROGETTO AL PRODOTTO (IL) 1,1,PARAVIA,38,40,No,Si,No
INGLESE,9788883392733,COMYNS-CARR JANE PARSONS JENNIFER FOODY
ELIZABETH,B2 CHAMPION - EDIZIONE DIGITALE LIBRO CARTACEO + ITE +
DIDASTORE,,PEARSON
LONGMAN,27,70,No,Si,No
INGLESE,9788883392023,GALLAGHER GALUZZI,GRAMMAR AND VOCABULARY MULTITRAINER ED.INTERATTIVA,,PEARSON
LONGMAN,29,20,No,No,No
ITALIANO,9788849418651,MEZZADRELLI,PRIMA PROVA-CI PER LA MATURITÃ€ GUIDA ALLA PRIMA PROVA
DELL'ESAME DI STATO,,PETRINI,14,80,No,Si,No
ITALIANO
LETTERATURA,9788869100581,DI SACCO PAOLO,INCONTRO CON LA LETTERATURA 1 CON ANTOLOGIA DELLA
DIVINA COMMEDIA,1,B.MONDADORI,39,30,Si,Si,No
MATEMATICA,9788808837837,BERGAMINI MASSIMO BAROZZI GRAZIELLA,MATEMATICA.VERDE 2ED. - CONFEZIONE 3 (LDM) VOL. 3A + VOL.
3B,1,ZANICHELLI,35,30,No,Si,No
MECCANICA,9788820349639,ANZALONE GIUSEPPE BASSIGNANA PAOLO BRAFA
MUSICORO GIUSEPPE,MECCANICA, MACCHINE ED ENERGIA - EDIZIONE BLU
ARTICOLAZIONE MECCANICA E MECCATRONICA,1,HOEPLI,29,00,No,Si,No
RELIGIONE,9788842673873,CONTADINI M,ITINERARI DI IRC 2.0 VOLUME UNICO SCHEDE TEMATICHE PER LA
SCUOLA SUPERIORE,,ELLE DI CI,15,65,No,No,No
SCIENZE MOTORIE E
SPORTIVE,9788839302809,FIORINI GIANLUIGI CORETTI STEFANO BOCCHI SILVIA,PIÃ™ MOVIMENTO VOLUME UNICO + EBOOK,,MARIETTI SCUOLA,20,55,No,No,No
SISTEMI E AUTOMAZIONE,9788820372255,BERGAMINI GUIDO NASUTI PIER GIORGIO,SISTEMI E AUTOMAZIONE NUOVA EDIZIONE OPENSCHOOL PER L'INDIRIZZO MECCANICA, MECCATRONICA ED ENERGIA DEGLI
ISTITUTI TECNICI T,1,HOEPLI,23,90,No,Si,No
STORIA,9788883326417,BERTINI F.,ALLA RICERCA DEL PRESENTE VOL 1 DAL MILLE AL SEICENTO,1,MURSIA
SCUOLA,25,05,No,Si,No
TECNOLOGIA
MECCANICA,9788852805417,PANDOLFO ALBERTO DEGLI ESPOSTI GIANCARLO,TECNOLOGIE MECCANICHE DI PROCESSO E DI PRODOTTO SET 1 -
EDIZIONE MISTA VOLUME 1 + ESPANSIONE ONLINE,1,CALDERINI,22,30,No,Si,No
MECCANICA,9788820366452,AA VV,MANUALE DI MECCANICA,,HOEPLI,71,90,No,No,Si
SISTEMI ED AUTOMAZIONE
INDUSTRIALE,9788820373481,LO RUSSO LUIGI BIANCHI ELENA,ARDUINO,,HOEPLI,7,43,Si,No,Si
DISEGNO,9788839529930,CALIGARIS FAVA TOMASELLO,NUOVO DAL PROGETTO AL PRODOTTO (IL) 1,1,PARAVIA,36,95,,,
INGLESE,9788883392023,GALLAGHER GALUZZI,GRAMMAR AND VOCABULARY MULTITRAINER ED.INTERATTIVA,,PEARSON LONGMAN,28,10,,,
INGLESE,9780194276894,AA VV,NETWORK B1-B2 INTERMEDIATE: MISTO PREMIUM EB + SB&WB + EBOOK + GRM + ESP ONLINE,,OXFORD UNIVERSITY PR,25,30,,,
ITALIANO LETTERATURA,9788869100581,DI SACCO PAOLO,INCONTRO CON LA LETTERATURA 1 CON ANTOLOGIA DELLA DIVINA COMMEDIA,1,B.MONDADORI,37,75,,,
MATEMATICA,9788808199614,BERGAMINI MASSIMO TRIFONE ANNA BAROZZI GRAZIELLA,MATEMATICA.VERDE 3 CON MATHS IN ENGLISH LD,1,ZANICHELLI,35,10,,,
MECCANICA,9788820349639,ANZALONE GIUSEPPE BASSIGNANA PAOLO BRAFA MUSICORO GIUSEPPE,MECCANICA, MACCHINE ED ENERGIA - EDIZIONE BLU ARTICOLAZIONE MECCANICA E MECCATRONICA,1,HOEPLI,29,00,,,
SISTEMI E AUTOMAZIONE,9788820372255,BERGAMINI GUIDO NASUTI PIER GIORGIO,SISTEMI E AUTOMAZIONE NUOVA EDIZIONE OPENSCHOOL PER L'INDIRIZZO MECCANICA, MECCATRONICA ED ENERGIA DEGLI ISTITUTI TECNICI T,1,HOEPLI,22,90,,,
STORIA,9788842435891,DE VECCHI GIOVANNETTI,STORIA IN CORSO 1 ED.ROSSA TECNOLOGICI+ATLANTE,1,B.MONDADORI,20,20,,,
TECNOLOGIA MECCANICA,9788852805417,PANDOLFO ALBERTO DEGLI ESPOSTI GIANCARLO,TECNOLOGIE MECCANICHE DI PROCESSO E DI PRODOTTO SET 1 - EDIZIONE MISTA VOLUME 1
+ ESPANSIONE ONLINE,1,CALDERINI,21,20,,,
